<?xml version="1.0"?>
<Answer xmlns:xsd="http://www.w3.org/2001/XMLSchema" xmlns:xsi="http://www.w3.org/2001/XMLSchema-instance" title="LevelData">
  <LevelPath beginTileCount="4" endTileCount="4">
    <Path cost="12" shotAtTiles="3" towers="1" sumTowerPlace="26" hits="0" nohits="0">
      <Begin x="1" y="12" no="0">
        <Enemy type="Bottle" enemies="0" endMeanHealth="NaN" />
        <Enemy type="Paper" enemies="0" endMeanHealth="NaN" />
      </Begin>
      <End x="1" y="0" no="0">
        <Enemy type="Bottle" enemies="0" endMeanHealth="0" />
        <Enemy type="Paper" enemies="0" endMeanHealth="0" />
      </End>
      <Table>
        <Element x="1" y="0" z="12" />
        <Element x="1" y="0" z="11" />
        <Element x="1" y="0" z="10" />
        <Element x="1" y="0" z="9" />
        <Element x="1" y="0" z="8" />
        <Element x="1" y="0" z="7" />
        <Element x="1" y="0" z="6" />
        <Element x="1" y="0" z="5" />
        <Element x="1" y="0" z="4" />
        <Element x="1" y="0" z="3" />
        <Element x="1" y="0" z="2" />
        <Element x="1" y="0" z="1" />
        <Element x="1" y="0" z="0" />
      </Table>
    </Path>
    <Path cost="15" shotAtTiles="3" towers="1" sumTowerPlace="31" hits="0" nohits="0">
      <Begin x="3" y="12" no="1">
        <Enemy type="Bottle" enemies="0" endMeanHealth="NaN" />
        <Enemy type="Paper" enemies="0" endMeanHealth="NaN" />
      </Begin>
      <End x="4" y="0" no="1">
        <Enemy type="Bottle" enemies="0" endMeanHealth="0" />
        <Enemy type="Paper" enemies="0" endMeanHealth="0" />
      </End>
      <Table>
        <Element x="3" y="0" z="12" />
        <Element x="3" y="0" z="11" />
        <Element x="3" y="0" z="10" />
        <Element x="3" y="0" z="9" />
        <Element x="3" y="0" z="8" />
        <Element x="3" y="0" z="7" />
        <Element x="4" y="0" z="7" />
        <Element x="4" y="0" z="6" />
        <Element x="4" y="0" z="5" />
        <Element x="3" y="0" z="5" />
        <Element x="3" y="0" z="4" />
        <Element x="3" y="0" z="3" />
        <Element x="3" y="0" z="2" />
        <Element x="3" y="0" z="1" />
        <Element x="4" y="0" z="1" />
        <Element x="4" y="0" z="0" />
      </Table>
    </Path>
    <Path cost="13" shotAtTiles="0" towers="0" sumTowerPlace="34" hits="0" nohits="0">
      <Begin x="8" y="10" no="2">
        <Enemy type="Bottle" enemies="0" endMeanHealth="NaN" />
        <Enemy type="Paper" enemies="0" endMeanHealth="NaN" />
      </Begin>
      <End x="10" y="1" no="2">
        <Enemy type="Bottle" enemies="0" endMeanHealth="0" />
        <Enemy type="Paper" enemies="0" endMeanHealth="0" />
      </End>
      <Table>
        <Element x="8" y="0" z="10" />
        <Element x="8" y="0" z="9" />
        <Element x="8" y="0" z="8" />
        <Element x="8" y="0" z="7" />
        <Element x="8" y="0" z="6" />
        <Element x="7" y="0" z="6" />
        <Element x="7" y="0" z="5" />
        <Element x="7" y="0" z="4" />
        <Element x="7" y="0" z="3" />
        <Element x="8" y="0" z="3" />
        <Element x="8" y="0" z="2" />
        <Element x="8" y="0" z="1" />
        <Element x="9" y="0" z="1" />
        <Element x="10" y="0" z="1" />
      </Table>
    </Path>
    <Path cost="19" shotAtTiles="0" towers="0" sumTowerPlace="38" hits="0" nohits="0">
      <Begin x="11" y="12" no="3">
        <Enemy type="Bottle" enemies="0" endMeanHealth="NaN" />
        <Enemy type="Paper" enemies="0" endMeanHealth="NaN" />
      </Begin>
      <End x="14" y="0" no="3">
        <Enemy type="Bottle" enemies="0" endMeanHealth="0" />
        <Enemy type="Paper" enemies="0" endMeanHealth="0" />
      </End>
      <Table>
        <Element x="11" y="0" z="12" />
        <Element x="11" y="0" z="11" />
        <Element x="11" y="0" z="10" />
        <Element x="10" y="0" z="10" />
        <Element x="10" y="0" z="9" />
        <Element x="10" y="0" z="8" />
        <Element x="10" y="0" z="7" />
        <Element x="11" y="0" z="7" />
        <Element x="11" y="0" z="6" />
        <Element x="11" y="0" z="5" />
        <Element x="10" y="0" z="5" />
        <Element x="10" y="0" z="4" />
        <Element x="10" y="0" z="3" />
        <Element x="11" y="0" z="3" />
        <Element x="12" y="0" z="3" />
        <Element x="13" y="0" z="3" />
        <Element x="13" y="0" z="2" />
        <Element x="14" y="0" z="2" />
        <Element x="14" y="0" z="1" />
        <Element x="14" y="0" z="0" />
      </Table>
    </Path>
    <Enemy count="-1" speed="1" startHealth="5" armour="1" destroyCoins="20" cost="10" coinsToEnd="15" no="0" type="Bottle" tag="Enemy" />
    <Enemy count="-1" speed="2" startHealth="20" armour="2" destroyCoins="30" cost="30" coinsToEnd="40" no="1" type="Paper" tag="Enemy" />
    <Tower count="-10" speed="1000" rateofFire="1" force="1000" bulletStrength="5" cost="10" no="0" type="Tower" tag="Enemy" />
    <Waves cash="150" />
    <Towers cash="90" />
  </LevelPath>
</Answer>